[
  {
    "zipname": "Spanish A1 - master RC - Lesson 1Test 1.0.0.6.wav",
    "filename": "Test 1.0.0.6.wav",
    "filepath": "C:\\Bitnami\\wampstack-8.0.6-0\\apache2\\htdocs\\audio-visualizer\\files\\Spanish A1 - master RC\\Lesson 1\\Test 1.0.0.6.wav",
    "relative_path": "Spanish A1 - master RC/Lesson 1"
  },
  {
    "zipname": "Spanish A1 - master RC - Lesson 1Test 1.0.0.6.json",
    "filename": "Test 1.0.0.6.wav",
    "filepath": "C:\\Bitnami\\wampstack-8.0.6-0\\apache2\\htdocs\\audio-visualizer\\files\\Spanish A1 - master RC\\Lesson 1\\Test 1.0.0.6.json",
    "relative_path": "Spanish A1 - master RC/Lesson 1"
  }
]