[
  {
    "zipname": "Spanish A1 - master RC - Lesson 1Test 1.0.0.6.wav",
    "filename": "Test 1.0.0.6.wav",
    "filepath": "/home1/puckettt/public_html/ia/taskpane/lessons-bin/files/Spanish A1 - master RC/Lesson 1/Test 1.0.0.6.wav",
    "relative_path": "Spanish A1 - master RC/Lesson 1"
  },
  {
    "zipname": "Spanish A1 - master RC - Lesson 1Test 1.0.0.6.json",
    "filename": "Test 1.0.0.6.wav",
    "filepath": "/home1/puckettt/public_html/ia/taskpane/lessons-bin/files/Spanish A1 - master RC/Lesson 1/Test 1.0.0.6.json",
    "relative_path": "Spanish A1 - master RC/Lesson 1"
  }
]